,TEAM,CONF,G,W,ADJOE,ADJDE,BARTHAG,EFG_O,EFG_D,TOR,TORD,ORB,DRB,FTR,FTRD,2P_O,2P_D,3P_O,3P_D,ADJ_T,WAB,POSTSEASON,SEED,YEAR
3,Texas Tech,B12,38,31,115.2,85.2,0.9696,53.5,43.0,17.7,22.8,27.4,28.7,32.9,36.6,52.8,41.9,36.5,29.7,67.5,7.0,2ND,3.0,2019
6,Virginia,ACC,38,35,123.0,89.9,0.9736,55.2,44.7,14.7,17.5,30.4,25.4,29.1,26.3,52.5,45.7,39.5,28.9,60.7,11.1,Champions,1.0,2019
16,Duke,ACC,38,32,118.9,89.2,0.9646,53.6,45.0,17.5,19.4,35.6,29.5,33.2,24.0,58.0,45.0,30.8,29.9,73.6,11.2,E8,1.0,2019
17,Purdue,B10,36,26,122.8,94.3,0.9539,53.6,49.0,15.8,18.6,34.5,27.0,29.9,31.7,51.5,47.2,37.4,34.2,67.0,6.1,E8,3.0,2019
27,Kentucky,SEC,37,30,117.5,89.8,0.9568,53.0,46.6,18.6,17.9,36.8,25.5,41.9,26.8,52.9,43.6,35.4,34.3,66.9,8.8,E8,2.0,2019
29,Gonzaga,WCC,37,33,123.4,89.9,0.9744,59.0,44.2,14.9,19.0,31.5,26.8,35.3,25.9,61.4,43.4,36.3,30.4,72.0,7.0,E8,1.0,2019
32,Michigan St.,B10,39,32,119.9,91.0,0.9597,55.2,43.9,18.5,14.9,33.9,26.4,33.6,27.5,54.3,41.9,37.8,31.6,68.6,10.7,F4,2.0,2019
39,Auburn,SEC,39,30,121.3,95.2,0.9420000000000001,54.4,51.7,16.8,24.6,31.6,32.8,30.9,36.4,51.7,51.4,38.1,34.8,69.3,6.1,F4,5.0,2019
84,Davidson,A10,33,24,107.3,99.8,0.6974,53.1,48.3,16.7,16.7,23.3,24.8,28.3,30.0,52.8,47.3,35.6,33.0,66.1,-0.9,0,0.0,2019
85,Dayton,A10,33,21,111.1,98.9,0.7915,56.1,47.9,18.8,16.8,26.9,27.4,32.1,23.8,59.5,47.7,33.2,32.1,66.1,-2.3,0,0.0,2019
86,Duquesne,A10,32,19,103.8,104.4,0.4824,49.9,49.9,19.8,21.6,31.9,35.1,35.0,31.9,51.1,49.5,32.2,33.8,71.0,-6.7,0,0.0,2019
87,Fordham,A10,31,12,96.0,102.6,0.3181,46.8,49.5,16.4,19.1,25.1,28.0,24.5,36.9,44.7,49.6,33.0,32.9,66.3,-14.9,0,0.0,2019
88,George Mason,A10,33,18,102.8,103.9,0.4688,50.1,50.2,18.9,18.2,29.0,27.2,34.2,30.6,50.5,51.6,33.0,32.0,69.2,-6.8,0,0.0,2019
89,George Washington,A10,33,9,95.4,104.5,0.259,45.8,51.2,18.2,17.1,23.4,28.5,32.6,30.2,45.3,49.8,31.1,35.6,68.8,-15.8,0,0.0,2019
90,La Salle,A10,31,10,99.7,102.5,0.42200000000000004,47.2,51.3,20.2,19.8,28.9,28.9,28.5,41.3,45.3,51.2,33.1,34.2,70.6,-13.3,0,0.0,2019
91,Massachusetts,A10,32,11,102.6,108.6,0.3433,51.1,51.2,20.2,16.8,31.5,27.1,31.3,41.4,50.2,50.6,35.0,35.0,69.0,-13.8,0,0.0,2019
92,Rhode Island,A10,33,18,103.5,99.9,0.6009,47.4,48.7,17.8,20.2,31.3,27.9,36.8,35.7,50.0,48.8,28.0,32.3,68.9,-6.8,0,0.0,2019
93,Richmond,A10,33,13,108.0,107.6,0.5106,54.1,53.1,15.3,18.5,19.1,29.9,30.7,28.7,55.5,54.0,34.7,34.4,67.2,-13.5,0,0.0,2019
94,Saint Joseph's,A10,33,14,105.3,105.3,0.501,48.0,51.7,13.5,15.7,22.0,24.4,31.7,27.1,47.8,49.9,32.2,36.0,69.8,-10.5,0,0.0,2019
95,St. Bonaventure,A10,34,18,101.1,95.1,0.667,48.3,47.2,18.7,19.8,29.2,28.7,28.2,31.5,47.9,46.2,32.8,32.3,65.6,-8.3,0,0.0,2019
125,Boston College,ACC,31,14,106.2,101.5,0.628,48.5,48.4,17.5,16.6,28.6,31.5,35.0,29.4,49.1,48.8,31.7,32.0,68.8,-5.4,0,0.0,2019
126,Clemson,ACC,34,20,107.2,90.3,0.8773,50.7,47.6,19.7,19.8,27.8,24.5,33.5,30.0,51.5,44.4,32.8,35.0,67.4,0.1,0,0.0,2019
127,Georgia Tech,ACC,32,14,99.9,95.7,0.6205,49.2,45.7,21.0,18.7,25.3,31.6,34.3,34.8,50.7,46.3,30.7,29.7,68.5,-4.8,0,0.0,2019
128,Miami FL,ACC,32,14,109.3,98.8,0.7632,50.8,52.0,16.9,19.8,25.9,29.8,30.8,22.7,51.4,51.7,33.3,34.9,68.3,-5.1,0,0.0,2019
129,North Carolina St.,ACC,36,24,112.4,97.5,0.8368,52.0,49.4,17.3,21.5,36.0,28.8,28.5,38.8,51.6,51.0,35.2,30.9,72.8,1.9,0,0.0,2019
130,Notre Dame,ACC,33,14,107.3,99.8,0.6981,46.2,49.0,14.0,16.4,29.0,31.1,30.1,21.8,45.4,48.6,31.5,33.1,66.6,-5.7,0,0.0,2019
131,Pittsburgh,ACC,33,14,103.3,98.2,0.6421,47.9,47.7,19.6,21.3,32.1,32.8,42.3,32.9,46.9,45.8,33.1,33.6,68.7,-6.3,0,0.0,2019
132,Wake Forest,ACC,31,11,103.5,103.2,0.5087,44.8,53.3,19.4,16.1,33.9,27.3,37.6,35.2,44.1,54.7,30.8,34.1,68.9,-7.5,0,0.0,2019
165,Albany,AE,31,12,97.9,106.8,0.2683,49.3,52.1,20.9,18.5,27.3,28.3,32.5,30.2,46.9,51.0,34.8,35.9,67.3,-15.7,0,0.0,2019
166,Binghamton,AE,31,10,95.9,112.3,0.1407,49.5,52.3,18.5,16.7,20.9,31.7,24.3,25.2,48.4,49.0,33.9,38.4,67.2,-17.4,0,0.0,2019
167,Hartford,AE,32,18,106.8,110.7,0.3988,54.2,52.6,17.8,19.3,25.3,31.0,33.1,29.9,51.5,53.2,38.2,34.4,68.3,-9.2,0,0.0,2019
168,Maine,AE,31,5,93.0,110.9,0.1163,48.6,55.3,22.2,19.1,25.9,27.2,25.6,38.6,49.9,52.7,31.0,38.7,65.3,-20.9,0,0.0,2019
169,New Hampshire,AE,27,5,83.7,106.1,0.0613,44.0,51.5,18.4,16.9,21.5,24.7,21.9,38.0,39.4,52.1,32.6,33.6,67.1,-20.2,0,0.0,2019
170,Stony Brook,AE,32,24,97.5,99.6,0.4407,48.1,46.0,20.7,18.6,33.2,26.1,35.4,36.2,47.7,46.6,32.6,30.1,70.7,-3.8,0,0.0,2019
171,UMass Lowell,AE,30,15,101.7,112.7,0.2345,53.7,52.0,19.6,17.9,27.0,29.8,34.1,32.6,55.1,54.7,34.3,31.6,71.6,-13.0,0,0.0,2019
172,UMBC,AE,31,21,94.8,101.3,0.3181,48.4,51.4,18.3,22.9,24.5,24.4,31.1,32.9,49.5,51.8,31.3,34.0,66.2,-8.1,0,0.0,2019
207,Connecticut,Amer,33,16,107.8,101.0,0.6797,51.0,49.6,18.5,20.0,32.3,30.2,32.7,39.2,50.7,49.2,34.4,33.5,70.4,-5.7,0,0.0,2019
208,East Carolina,Amer,31,10,98.8,105.2,0.3273,46.1,51.0,19.0,19.5,28.2,31.0,35.6,41.8,47.7,52.0,28.4,32.9,69.9,-12.3,0,0.0,2019
209,Memphis,Amer,36,22,108.1,96.0,0.7973,51.0,48.6,19.8,21.3,33.4,30.9,37.3,37.5,52.5,48.9,32.2,32.2,75.7,-1.4,0,0.0,2019
210,SMU,Amer,32,15,112.2,104.2,0.7021,51.2,50.0,16.6,17.5,33.4,31.6,27.8,29.5,51.3,48.2,34.1,35.1,66.4,-6.4,0,0.0,2019
211,South Florida,Amer,37,24,101.8,95.4,0.6778,49.1,48.4,22.6,21.9,36.3,26.8,48.1,43.1,48.5,48.2,33.3,32.5,68.6,-4.5,0,0.0,2019
212,Tulane,Amer,31,4,97.0,105.0,0.2856,47.1,50.6,21.0,15.1,27.0,30.9,32.8,31.6,46.7,50.7,31.8,33.6,71.2,-17.2,0,0.0,2019
213,Tulsa,Amer,32,18,104.8,99.2,0.6507,51.2,48.1,18.0,17.6,23.0,29.4,43.4,30.3,51.3,47.3,34.0,32.8,70.1,-3.5,0,0.0,2019
214,Wichita St.,Amer,37,22,106.5,94.7,0.7946,46.9,47.6,17.4,17.6,32.5,26.9,28.8,38.8,47.1,46.5,31.0,33.0,69.4,-2.9,0,0.0,2019
243,Florida Gulf Coast,ASun,30,14,99.9,104.8,0.3675,52.6,52.1,21.2,19.2,25.6,30.8,31.9,27.4,50.7,49.9,36.9,36.8,69.8,-11.1,0,0.0,2019
244,Jacksonville,ASun,30,12,97.0,106.3,0.2581,49.6,52.1,19.9,18.2,28.3,27.4,30.5,28.8,51.0,50.3,31.2,37.0,72.5,-14.3,0,0.0,2019
245,Kennesaw St.,ASun,30,5,91.2,108.9,0.1151,40.9,53.7,19.0,17.1,29.2,30.8,30.1,27.7,39.1,53.7,31.4,35.9,69.6,-18.6,0,0.0,2019
246,Lipscomb,ASun,35,29,110.2,98.1,0.7929,54.8,48.4,17.8,19.6,26.0,23.8,36.3,27.9,53.8,48.5,37.5,32.1,74.4,-0.5,0,0.0,2019
247,NJIT,ASun,34,22,99.7,103.6,0.3896,50.7,49.0,17.1,17.9,21.9,27.1,38.4,29.7,49.8,48.8,34.8,32.8,68.2,-6.2,0,0.0,2019
248,North Alabama,ASun,29,10,94.1,104.8,0.2256,44.5,52.6,19.3,17.2,27.3,25.1,30.8,38.0,44.4,52.6,29.7,35.1,69.9,-14.7,0,0.0,2019
249,North Florida,ASun,31,16,102.5,103.8,0.4632,52.1,48.1,21.8,16.9,29.4,32.7,25.3,30.6,53.2,47.4,33.9,33.2,73.4,-7.9,0,0.0,2019
250,Stetson,ASun,29,7,96.0,112.6,0.1379,45.5,54.5,17.5,18.0,27.9,32.0,25.0,33.0,45.0,54.2,31.0,36.6,70.7,-17.7,0,0.0,2019
282,Illinois,B10,33,12,109.7,99.1,0.7633,49.6,52.2,18.4,21.8,29.1,31.9,29.5,42.4,48.2,53.6,34.5,33.0,71.9,-5.5,0,0.0,2019
283,Indiana,B10,35,19,107.5,95.2,0.802,51.0,48.2,17.9,18.1,28.1,28.1,34.6,29.2,53.1,47.3,31.2,33.1,68.5,0.0,0,0.0,2019
284,Nebraska,B10,35,19,112.5,98.1,0.8285,49.2,48.1,14.3,19.3,28.5,32.1,33.0,30.0,48.6,46.9,33.4,33.8,68.0,0.0,0,0.0,2019
285,Northwestern,B10,32,13,101.2,92.8,0.7319,46.6,46.7,16.1,17.9,24.2,26.3,30.2,34.0,46.4,48.0,31.3,29.3,67.3,-5.7,0,0.0,2019
286,Penn St.,B10,32,14,109.9,92.8,0.8755,47.5,49.9,18.1,19.6,31.9,26.3,32.3,34.1,47.2,48.4,32.0,35.4,68.9,-2.7,0,0.0,2019
287,Rutgers,B10,31,14,104.9,96.1,0.7336,47.0,49.2,19.1,17.4,33.4,27.0,31.7,32.4,47.2,47.0,31.2,35.3,69.0,-3.5,0,0.0,2019
301,Oklahoma St.,B12,32,12,109.1,100.6,0.7177,50.1,50.3,18.0,17.6,26.4,29.4,30.6,31.5,46.0,48.3,37.2,35.4,67.5,-4.1,0,0.0,2019
302,TCU,B12,37,23,109.8,94.5,0.8486,52.1,48.4,19.2,18.6,31.2,28.7,31.7,27.7,52.3,49.9,34.6,30.4,70.1,1.1,0,0.0,2019
303,Texas,B12,37,21,113.3,93.7,0.899,50.9,48.7,16.2,18.9,28.1,29.5,29.7,29.7,49.8,46.2,34.8,35.4,66.1,-0.5,0,0.0,2019
304,West Virginia,B12,36,15,108.8,100.7,0.7087,47.5,52.4,21.3,18.5,36.9,28.7,38.9,38.0,47.6,51.3,31.6,36.1,71.9,-3.7,0,0.0,2019
321,Butler,BE,33,16,110.5,100.9,0.7394,52.1,52.7,16.1,18.9,25.7,27.6,25.2,36.3,51.4,52.2,35.3,35.7,67.2,-4.4,0,0.0,2019
322,Creighton,BE,34,20,110.9,97.1,0.8229,56.2,52.8,18.6,19.1,24.7,26.8,29.0,27.9,55.7,52.9,37.9,35.0,70.1,-2.3,0,0.0,2019
323,DePaul,BE,36,19,111.7,106.3,0.6381,52.7,53.2,18.8,17.7,32.7,25.6,36.1,30.9,53.3,51.2,34.3,37.3,71.0,-5.2,0,0.0,2019
324,Georgetown,BE,33,19,107.7,101.3,0.6675,51.0,50.2,17.9,16.3,29.1,26.2,38.2,30.3,49.6,49.6,35.6,34.0,73.6,-2.5,0,0.0,2019
325,Providence,BE,34,18,104.3,95.0,0.7446,48.0,49.7,18.7,20.2,31.8,28.3,39.1,32.8,47.5,48.8,32.6,34.1,69.2,-3.4,0,0.0,2019
326,Xavier,BE,35,19,110.4,99.1,0.7748,52.8,50.7,19.6,16.2,32.2,27.2,32.6,24.9,54.7,48.7,33.1,35.6,66.6,-2.9,0,0.0,2019
371,Eastern Washington,BSky,33,16,100.1,106.4,0.3297,50.3,52.5,17.1,16.6,24.6,23.6,27.0,34.8,48.9,50.1,34.8,37.4,69.0,-11.9,0,0.0,2019
372,Idaho,BSky,29,5,94.5,118.0,0.07200000000000001,50.3,53.7,20.0,13.3,24.2,32.0,28.2,33.1,46.5,55.4,37.6,34.3,66.5,-23.4,0,0.0,2019
373,Idaho St.,BSky,28,11,102.7,116.6,0.18899999999999997,52.0,56.1,17.6,15.0,25.8,29.8,28.8,30.6,50.4,54.2,36.2,39.6,68.3,-14.3,0,0.0,2019
374,Montana St.,BSky,31,15,105.6,115.7,0.2578,53.4,57.1,17.1,17.2,26.3,26.6,34.9,28.3,51.1,57.4,37.6,37.8,71.3,-12.3,0,0.0,2019
375,North Dakota,BSky,26,12,97.4,104.6,0.305,51.3,52.5,17.9,17.3,21.0,25.4,27.2,30.0,49.6,52.2,36.0,35.3,71.1,-12.8,0,0.0,2019
376,Northern Arizona,BSky,31,10,99.4,112.0,0.2012,50.3,55.0,17.0,16.6,25.8,26.5,33.8,29.7,49.2,55.9,34.6,35.8,69.9,-16.7,0,0.0,2019
377,Northern Colorado,BSky,30,21,102.3,103.0,0.4808,53.0,51.4,18.4,18.6,27.7,25.6,34.8,28.4,53.6,49.5,34.9,37.1,67.9,-6.7,0,0.0,2019
378,Portland St.,BSky,29,16,101.1,111.2,0.2513,46.9,53.7,19.4,18.8,38.7,28.5,37.3,43.3,48.3,54.6,29.8,34.8,70.5,-12.0,0,0.0,2019
379,Sacramento St.,BSky,28,15,96.4,105.7,0.2581,48.7,52.6,19.1,21.4,28.2,27.1,33.5,36.8,48.3,50.8,33.1,37.0,69.0,-12.6,0,0.0,2019
380,Southern Utah,BSky,32,17,96.0,105.0,0.2635,50.2,50.4,18.9,16.9,23.2,24.7,39.4,38.0,50.0,48.0,33.7,36.1,72.2,-12.0,0,0.0,2019
381,Weber St.,BSky,31,18,99.9,105.3,0.3537,53.2,49.0,16.0,15.8,19.2,26.9,37.1,30.9,53.4,49.7,35.2,31.7,72.5,-10.7,0,0.0,2019
420,Campbell,BSth,30,20,106.9,108.8,0.4489,52.8,54.6,14.8,19.5,23.7,28.9,31.2,36.0,54.8,53.6,33.8,37.3,67.1,-7.4,0,0.0,2019
421,Charleston Southern,BSth,30,18,100.1,100.6,0.4843,49.8,50.9,18.0,21.1,29.1,27.7,27.0,31.2,48.4,48.8,34.5,35.9,70.5,-9.3,0,0.0,2019
422,Hampton,BSth,32,18,106.2,107.8,0.4565,48.9,50.8,14.6,16.3,28.1,26.6,34.8,35.9,47.5,50.5,34.1,34.2,72.5,-11.4,0,0.0,2019
423,High Point,BSth,29,16,98.7,103.9,0.358,49.1,50.3,20.4,16.3,34.1,25.5,33.8,29.1,51.0,51.5,30.3,32.6,65.0,-10.2,0,0.0,2019
424,Longwood,BSth,31,16,98.5,106.9,0.2814,52.4,50.5,20.4,17.4,24.5,25.2,33.6,33.7,50.8,50.5,36.0,33.7,68.5,-13.0,0,0.0,2019
425,Presbyterian,BSth,33,20,107.9,109.8,0.4499,53.4,53.4,14.7,17.9,25.3,27.4,30.5,33.1,50.1,53.5,38.0,35.4,68.9,-9.6,0,0.0,2019
426,Radford,BSth,30,22,107.3,104.4,0.5773,52.8,51.9,16.4,18.1,29.7,24.9,27.0,30.7,50.1,51.7,38.0,34.7,65.8,-4.4,0,0.0,2019
427,UNC Asheville,BSth,28,4,93.1,116.0,0.0741,46.2,55.7,23.5,18.2,27.7,37.1,26.3,33.7,45.2,56.7,31.7,36.2,63.7,-20.8,0,0.0,2019
428,USC Upstate,BSth,29,5,92.7,111.3,0.1084,47.4,53.1,19.9,18.2,24.7,31.3,25.3,39.0,46.8,54.0,32.1,34.3,69.5,-20.8,0,0.0,2019
429,Winthrop,BSth,27,18,104.8,107.0,0.4404,54.2,51.3,20.2,15.4,28.7,25.5,30.4,30.3,53.3,51.6,36.7,33.8,74.3,-6.5,0,0.0,2019
462,Cal Poly,BW,27,6,97.1,114.9,0.1262,47.2,52.6,17.0,15.6,26.1,31.4,25.8,38.1,46.6,51.5,32.0,36.5,67.5,-18.6,0,0.0,2019
463,Cal St. Fullerton,BW,32,16,97.0,102.2,0.354,49.1,48.3,19.1,16.8,24.5,27.0,38.5,35.7,50.3,48.5,30.8,32.0,71.1,-9.7,0,0.0,2019
464,Cal St. Northridge,BW,33,13,103.3,111.4,0.2967,51.5,51.6,16.7,17.1,28.4,32.5,31.8,32.2,50.3,48.2,36.1,38.4,72.3,-14.7,0,0.0,2019
465,Hawaii,BW,29,18,102.4,106.0,0.4013,52.3,50.8,17.6,17.4,26.9,24.7,31.2,32.9,52.2,50.3,35.0,34.5,67.5,-8.6,0,0.0,2019
466,Long Beach St.,BW,32,15,99.9,105.3,0.3533,47.6,51.1,19.0,18.9,28.9,33.0,40.8,30.2,46.3,51.6,33.8,33.5,73.0,-11.8,0,0.0,2019
467,UC Davis,BW,29,11,95.3,102.6,0.301,49.0,52.8,19.9,21.1,22.1,27.7,29.7,37.7,49.0,53.3,32.7,34.6,67.3,-14.0,0,0.0,2019
468,UC Riverside,BW,30,10,96.9,111.8,0.1613,51.2,54.4,20.3,16.0,25.1,26.5,22.7,33.4,47.2,53.7,38.0,37.2,64.8,-18.2,0,0.0,2019
469,UC Santa Barbara,BW,30,22,103.2,105.7,0.4295,50.3,49.7,16.8,16.6,33.1,26.2,39.5,32.4,49.4,50.8,34.8,31.8,65.9,-6.0,0,0.0,2019
506,College of Charleston,CAA,32,24,106.8,103.1,0.601,54.2,52.1,15.6,19.1,25.6,25.9,33.5,26.4,56.3,53.7,33.7,33.3,66.8,-3.1,0,0.0,2019
507,Delaware,CAA,31,17,103.4,112.1,0.2821,53.3,52.8,17.2,14.9,24.2,28.8,31.2,28.6,50.9,49.9,37.8,38.4,64.8,-11.1,0,0.0,2019
508,Drexel,CAA,31,13,103.1,112.9,0.2602,51.3,55.6,16.6,14.6,29.2,26.3,30.6,30.3,50.9,54.7,34.7,38.2,70.7,-13.6,0,0.0,2019
509,Elon,CAA,30,11,99.2,110.0,0.2335,52.0,53.6,18.4,15.2,22.4,28.3,24.3,29.4,52.2,51.5,34.6,37.8,69.5,-16.3,0,0.0,2019
510,Hofstra,CAA,34,27,114.7,108.6,0.6533,55.9,52.1,13.8,18.3,26.8,29.9,37.7,25.0,54.5,51.5,38.7,35.3,69.0,-1.9,0,0.0,2019
511,James Madison,CAA,31,14,100.0,110.1,0.2487,50.2,52.9,18.8,16.4,30.1,29.4,33.4,34.0,47.5,52.6,36.6,35.7,66.4,-14.1,0,0.0,2019
512,Towson,CAA,31,10,99.6,109.6,0.2501,47.9,52.1,18.8,15.2,35.2,27.3,28.1,33.0,47.6,50.8,32.6,35.7,64.8,-16.9,0,0.0,2019
513,UNC Wilmington,CAA,32,10,103.8,113.0,0.2734,50.5,56.0,18.5,14.5,31.7,26.7,32.8,31.9,49.3,54.4,35.0,38.8,70.6,-16.7,0,0.0,2019
514,William & Mary,CAA,30,14,102.3,107.0,0.3733,54.4,52.7,18.3,15.6,24.5,26.0,31.3,30.0,55.8,51.1,35.0,36.9,70.0,-11.1,0,0.0,2019
567,Charlotte,CUSA,29,8,95.0,107.7,0.1916,48.1,51.3,22.0,17.9,22.3,26.4,36.3,32.6,49.2,49.9,31.1,35.5,65.9,-15.4,0,0.0,2019
568,FIU,CUSA,30,20,101.4,105.1,0.3994,48.9,53.1,17.7,23.4,25.7,34.4,37.9,35.4,52.2,53.6,29.3,34.8,79.1,-7.9,0,0.0,2019
569,Florida Atlantic,CUSA,30,17,98.4,98.3,0.5042,47.9,48.2,20.7,18.1,29.0,25.4,28.6,31.4,47.0,48.7,32.6,31.6,68.7,-9.0,0,0.0,2019
570,Louisiana Tech,CUSA,31,20,103.3,102.1,0.5326,49.8,49.3,17.0,19.2,29.4,28.8,35.9,30.2,49.3,49.1,33.7,33.0,67.0,-7.0,0,0.0,2019
571,Marshall,CUSA,37,23,105.5,106.0,0.486,51.9,52.0,15.9,20.8,22.9,32.3,30.5,32.4,52.3,51.4,34.2,35.5,75.7,-6.4,0,0.0,2019
572,Middle Tennessee,CUSA,30,11,96.8,103.8,0.3091,46.7,50.8,22.8,17.5,32.3,28.1,29.6,34.2,45.7,50.5,32.3,34.1,69.1,-13.3,0,0.0,2019
573,North Texas,CUSA,30,21,97.4,97.6,0.4944,49.2,47.4,20.1,19.8,30.7,24.4,27.7,37.7,50.5,46.4,31.7,32.8,66.9,-7.1,0,0.0,2019
574,Rice,CUSA,30,13,101.3,109.1,0.2984,50.1,51.6,18.9,14.9,26.6,24.4,38.5,30.6,48.1,51.5,35.3,34.5,71.7,-13.0,0,0.0,2019
575,Southern Miss,CUSA,29,20,106.8,101.2,0.649,53.1,49.1,15.7,19.4,22.9,28.1,24.1,29.8,49.9,47.1,39.1,34.2,66.0,-5.7,0,0.0,2019
576,UAB,CUSA,33,20,106.2,105.1,0.5307,50.4,49.4,16.8,17.9,30.6,26.2,31.8,31.6,51.3,48.1,32.6,33.9,66.4,-7.4,0,0.0,2019
577,UTEP,CUSA,27,8,89.0,100.1,0.205,45.7,49.4,22.8,19.0,26.7,26.7,34.7,32.9,44.3,46.6,32.0,36.2,69.3,-15.5,0,0.0,2019
578,UTSA,CUSA,28,17,104.7,101.6,0.5851,49.5,49.5,16.4,18.1,26.1,28.4,26.2,35.6,48.0,50.0,34.3,32.5,73.3,-8.8,0,0.0,2019
579,Western Kentucky,CUSA,34,20,103.9,99.5,0.6223,49.9,48.9,19.6,18.5,29.6,28.1,37.9,25.6,50.2,47.0,32.7,34.5,69.2,-5.5,0,0.0,2019
615,Cleveland St.,Horz,29,10,101.4,110.5,0.2708,51.5,51.6,18.5,16.8,26.3,33.0,31.7,34.0,48.9,53.2,36.5,32.9,70.7,-15.2,0,0.0,2019
616,Detroit,Horz,31,11,105.7,112.0,0.3402,49.7,54.4,16.3,19.8,29.3,36.4,31.0,32.7,46.7,56.2,35.6,34.5,70.1,-12.3,0,0.0,2019
617,Green Bay,Horz,36,21,103.6,104.9,0.4648,51.5,52.1,17.2,18.8,26.4,31.4,33.9,32.3,51.4,52.5,34.5,34.4,74.7,-8.4,0,0.0,2019
618,Illinois Chicago,Horz,30,16,100.5,101.3,0.4762,53.3,48.3,20.0,17.6,24.9,30.4,27.8,42.0,54.1,46.8,34.9,33.8,71.6,-10.1,0,0.0,2019
619,IUPUI,Horz,31,16,102.4,105.5,0.4132,50.2,52.6,19.6,19.6,34.3,27.8,35.2,33.2,50.5,50.7,33.0,37.0,70.4,-10.4,0,0.0,2019
620,Milwaukee,Horz,30,9,98.6,107.4,0.2718,48.1,51.7,18.0,15.3,26.7,28.3,28.2,36.3,46.5,53.0,33.8,33.3,67.6,-16.1,0,0.0,2019
621,Oakland,Horz,32,16,106.8,107.0,0.4942,54.3,53.0,18.4,17.2,25.7,32.5,35.7,28.0,52.3,53.2,37.9,35.2,69.8,-10.3,0,0.0,2019
622,Wright St.,Horz,33,21,106.3,100.0,0.6705,51.0,53.1,17.3,20.1,30.8,25.9,35.1,28.6,50.4,52.1,34.6,36.5,66.6,-6.6,0,0.0,2019
623,Youngstown St.,Horz,30,12,103.8,111.0,0.3167,49.6,53.6,18.5,16.2,33.5,28.9,23.1,38.5,48.5,55.0,34.1,34.2,68.7,-14.0,0,0.0,2019
653,Brown,Ivy,30,20,98.5,97.2,0.5373,50.4,48.0,20.3,20.9,24.5,27.5,36.7,31.3,50.2,50.1,33.8,30.0,72.4,-5.7,0,0.0,2019
654,Columbia,Ivy,26,10,102.0,105.6,0.4033,51.5,52.1,18.0,18.9,24.3,27.2,22.4,38.1,50.6,51.0,35.4,35.8,68.9,-12.5,0,0.0,2019
655,Cornell,Ivy,29,15,99.0,104.0,0.3611,51.1,50.5,18.9,17.4,18.8,28.8,33.9,26.8,52.3,50.6,32.9,33.7,69.3,-8.5,0,0.0,2019
656,Dartmouth,Ivy,28,11,102.7,106.5,0.3975,51.8,53.0,17.6,16.0,23.9,24.8,24.8,27.9,50.6,54.6,35.8,33.1,67.4,-12.9,0,0.0,2019
657,Harvard,Ivy,30,19,105.0,99.4,0.6528,53.3,50.2,22.6,17.5,28.7,23.1,31.6,33.8,52.7,49.6,36.1,34.2,68.4,-3.6,0,0.0,2019
658,Penn,Ivy,30,19,103.6,97.1,0.6766,52.6,49.1,18.4,19.0,24.8,26.3,28.1,25.5,52.9,48.7,34.7,33.3,68.6,-5.1,0,0.0,2019
659,Princeton,Ivy,26,16,97.9,98.5,0.4819,47.0,49.7,17.8,17.2,24.3,24.7,29.8,28.7,48.1,50.3,30.3,32.5,68.8,-5.6,0,0.0,2019
700,Canisius,MAAC,32,15,101.1,111.0,0.2539,50.5,53.6,18.6,20.5,27.0,31.9,31.4,36.9,52.0,53.3,32.4,36.0,69.2,-11.7,0,0.0,2019
701,Fairfield,MAAC,31,9,95.9,105.1,0.2571,50.7,52.6,20.7,21.4,26.1,28.9,23.9,40.1,49.5,51.2,35.0,36.6,69.3,-17.8,0,0.0,2019
702,Manhattan,MAAC,32,11,89.2,103.8,0.1496,47.4,51.0,24.1,23.5,30.6,30.3,33.3,45.6,45.6,48.6,33.2,36.1,63.3,-17.4,0,0.0,2019
703,Marist,MAAC,31,12,100.4,107.1,0.3218,52.3,53.0,18.9,19.3,24.3,26.6,32.2,35.9,50.8,52.6,36.3,35.5,65.9,-15.1,0,0.0,2019
704,Monmouth,MAAC,35,14,92.7,102.3,0.2422,45.8,51.1,20.6,21.2,29.3,28.5,40.3,43.2,46.4,48.4,29.7,35.8,68.9,-15.4,0,0.0,2019
705,Niagara,MAAC,32,13,101.2,114.7,0.1916,49.2,53.4,17.3,16.2,27.1,26.2,33.3,25.3,46.1,51.3,35.9,38.0,71.1,-15.5,0,0.0,2019
706,Quinnipiac,MAAC,31,16,104.7,111.8,0.319,52.8,50.7,19.4,15.7,29.8,29.3,37.3,27.0,48.5,50.1,37.7,34.5,68.1,-10.8,0,0.0,2019
707,Rider,MAAC,31,16,100.2,104.6,0.3788,50.6,53.7,18.0,22.8,30.8,27.4,39.9,36.0,50.4,53.6,34.0,35.9,75.1,-10.1,0,0.0,2019
708,Saint Peter's,MAAC,32,10,94.0,106.9,0.1854,48.7,51.2,23.3,18.7,29.9,27.8,34.8,38.5,48.8,46.7,32.5,38.6,64.9,-17.1,0,0.0,2019
709,Siena,MAAC,33,17,100.3,106.9,0.3233,51.5,52.6,15.6,18.0,23.6,28.5,24.7,27.3,52.1,51.9,33.9,36.0,61.9,-11.9,0,0.0,2019
754,Akron,MAC,31,17,98.4,92.9,0.6586,48.2,45.5,17.3,19.1,25.1,29.9,27.7,30.6,48.8,46.1,31.7,29.6,67.5,-8.1,0,0.0,2019
755,Ball St.,MAC,32,16,100.5,97.7,0.5825,51.8,47.3,20.2,17.9,27.5,28.6,37.6,30.4,53.5,46.8,32.2,32.1,71.6,-8.6,0,0.0,2019
756,Bowling Green,MAC,32,22,107.5,102.0,0.6466,50.5,50.8,16.6,17.8,30.7,24.8,34.9,31.1,48.8,50.0,35.8,34.6,71.5,-4.3,0,0.0,2019
757,Central Michigan,MAC,32,23,109.2,105.3,0.6038,51.4,50.1,16.2,18.7,31.0,33.1,40.0,28.8,48.9,53.6,36.9,29.3,72.4,-4.0,0,0.0,2019
758,Eastern Michigan,MAC,28,15,101.4,101.5,0.4973,48.5,50.8,20.8,20.1,34.3,34.9,33.9,32.0,50.5,50.4,29.9,34.2,64.4,-8.1,0,0.0,2019
759,Kent St.,MAC,31,22,109.0,106.0,0.5782,49.6,52.7,16.4,19.0,33.2,30.6,31.8,35.9,49.1,53.2,33.6,34.7,68.9,-2.7,0,0.0,2019
760,Miami OH,MAC,30,15,103.0,101.4,0.5469,48.6,51.1,18.7,16.7,30.0,25.3,34.7,33.9,48.7,51.3,32.3,33.9,67.6,-8.7,0,0.0,2019
761,Northern Illinois,MAC,32,17,106.6,104.8,0.5498,52.6,51.9,17.2,17.9,27.2,26.7,26.5,39.1,51.6,50.0,36.5,36.1,67.3,-8.9,0,0.0,2019
762,Ohio,MAC,30,14,98.4,100.5,0.4396,48.6,50.8,20.0,18.5,28.2,27.4,33.2,31.2,50.7,48.9,29.7,35.9,70.8,-8.7,0,0.0,2019
763,Toledo,MAC,32,25,108.6,97.8,0.7686,53.2,46.8,17.4,15.4,28.1,25.7,26.1,26.8,50.4,46.6,38.0,31.5,69.0,-0.1,0,0.0,2019
764,Western Michigan,MAC,31,8,98.3,105.0,0.3189,48.0,52.1,21.7,15.2,29.7,27.6,36.7,29.9,49.4,50.1,30.5,36.9,70.5,-15.2,0,0.0,2019
813,Bethune Cookman,MEAC,29,14,93.0,104.8,0.2017,48.3,47.8,21.5,19.7,33.5,31.5,37.1,36.6,48.3,48.7,32.4,30.9,73.3,-13.2,0,0.0,2019
814,Coppin St.,MEAC,33,8,87.5,109.2,0.0724,45.5,50.2,23.3,16.7,26.0,28.9,37.7,33.6,47.7,47.1,28.6,36.5,71.7,-18.1,0,0.0,2019
815,Delaware St.,MEAC,29,6,84.3,112.2,0.0358,40.0,52.4,19.0,18.9,27.8,31.6,25.5,39.2,37.7,52.6,29.0,34.7,71.6,-21.7,0,0.0,2019
816,Florida A&M,MEAC,29,12,88.2,101.4,0.1673,49.1,48.5,24.6,21.7,27.9,32.4,31.1,40.5,46.9,50.4,36.4,30.2,66.4,-14.1,0,0.0,2019
817,Howard,MEAC,31,17,101.5,114.1,0.2077,48.5,51.8,16.8,19.8,29.2,33.4,33.8,37.8,45.5,50.8,36.8,35.5,72.5,-12.8,0,0.0,2019
818,Maryland Eastern Shore,MEAC,30,7,85.7,114.4,0.0346,43.5,54.4,20.7,19.0,22.8,31.7,28.3,36.6,44.5,53.2,27.9,37.3,64.5,-19.9,0,0.0,2019
819,Morgan St.,MEAC,28,9,91.8,111.4,0.09699999999999999,43.7,53.4,17.9,23.9,31.8,35.2,34.3,39.9,41.5,52.4,33.1,36.7,73.6,-17.3,0,0.0,2019
820,Norfolk St.,MEAC,33,22,96.7,104.7,0.2862,49.6,49.2,20.3,20.7,27.4,28.9,38.2,42.6,46.1,48.0,37.0,33.9,70.2,-9.0,0,0.0,2019
821,North Carolina A&T,MEAC,30,19,95.2,106.8,0.2117,51.1,48.8,19.4,20.7,27.1,34.7,31.1,32.0,51.0,49.5,34.1,31.7,67.3,-8.4,0,0.0,2019
822,Savannah St.,MEAC,30,11,94.6,117.1,0.0791,48.0,53.8,19.9,19.3,28.0,34.6,25.2,33.3,53.7,53.5,29.2,36.1,77.7,-15.0,0,0.0,2019
823,South Carolina St.,MEAC,32,8,97.3,117.8,0.0991,47.2,56.4,20.8,20.4,31.6,30.2,39.7,40.0,46.5,57.1,32.4,36.9,68.3,-20.2,0,0.0,2019
858,Drake,MVC,32,24,106.2,101.2,0.6349,53.3,48.7,19.1,16.8,24.3,26.0,32.6,29.4,53.2,50.8,35.7,30.0,70.6,-2.9,0,0.0,2019
859,Evansville,MVC,30,11,98.1,105.6,0.3008,49.4,50.0,18.5,17.1,18.9,26.2,37.5,37.5,47.9,49.0,34.2,34.8,71.0,-14.5,0,0.0,2019
860,Illinois St.,MVC,32,17,100.1,103.8,0.3973,49.1,51.3,18.4,18.2,26.0,26.1,28.6,32.8,49.1,51.5,32.7,34.0,68.2,-9.0,0,0.0,2019
861,Indiana St.,MVC,29,15,101.1,104.3,0.413,48.6,51.5,18.6,19.4,23.7,27.2,35.8,38.0,46.7,52.1,35.6,33.7,70.2,-9.5,0,0.0,2019
862,Loyola Chicago,MVC,33,20,104.2,98.2,0.6644,55.1,51.1,18.8,20.5,19.9,21.7,32.0,23.9,55.0,48.7,36.7,36.6,64.2,-7.2,0,0.0,2019
863,Missouri St.,MVC,31,16,101.7,102.5,0.4781,51.2,53.5,18.2,21.8,25.4,25.3,36.9,35.0,51.4,49.4,33.9,40.3,67.4,-9.9,0,0.0,2019
864,Northern Iowa,MVC,32,16,100.4,101.0,0.4827,48.9,51.1,17.9,18.2,23.2,23.1,27.6,32.4,46.2,51.0,35.0,34.2,65.6,-11.0,0,0.0,2019
865,Southern Illinois,MVC,32,17,102.0,102.2,0.4934,52.8,49.6,21.0,19.1,28.8,29.2,32.0,25.6,51.2,47.6,37.4,35.1,67.2,-8.2,0,0.0,2019
866,Valparaiso,MVC,31,15,96.7,101.5,0.3647,48.9,49.9,20.3,18.9,26.7,27.1,32.1,31.7,50.1,49.8,31.0,33.4,66.4,-12.2,0,0.0,2019
904,Air Force,MWC,31,14,99.7,106.1,0.3295,51.3,53.6,19.3,17.8,23.2,24.1,28.3,28.6,53.1,53.6,32.3,35.7,67.8,-10.8,0,0.0,2019
905,Boise St.,MWC,32,13,107.6,102.4,0.6404,53.9,51.8,17.3,18.5,23.5,24.4,31.8,33.6,54.7,52.0,35.2,34.3,66.9,-11.9,0,0.0,2019
906,Colorado St.,MWC,31,12,106.5,107.9,0.462,54.4,53.1,17.0,16.2,23.9,27.1,31.9,29.5,55.5,53.5,35.2,35.0,68.5,-13.0,0,0.0,2019
907,Fresno St.,MWC,31,23,107.0,99.1,0.7076,54.5,48.5,18.2,19.5,27.4,25.4,30.2,35.0,51.9,50.2,38.2,30.7,69.2,-2.0,0,0.0,2019
908,New Mexico,MWC,31,14,102.6,104.8,0.4392,49.5,51.6,19.4,18.3,29.3,28.6,39.3,37.1,47.8,50.8,34.4,35.5,74.1,-10.3,0,0.0,2019
909,San Diego St.,MWC,33,21,102.3,96.8,0.6533,49.9,48.2,18.3,18.8,28.9,28.4,35.2,33.3,47.9,47.2,35.6,33.0,68.0,-4.2,0,0.0,2019
910,San Jose St.,MWC,30,4,92.7,112.5,0.0972,46.0,56.1,21.9,15.4,27.4,28.7,34.8,26.9,44.1,56.3,33.0,37.3,71.0,-20.3,0,0.0,2019
911,UNLV,MWC,31,17,104.5,105.3,0.4773,49.5,51.0,18.6,17.6,35.5,27.7,34.9,31.6,48.8,49.7,33.7,35.7,69.1,-7.5,0,0.0,2019
912,Wyoming,MWC,31,8,94.2,106.6,0.1954,49.1,51.7,19.9,17.4,15.9,28.8,39.1,34.4,47.1,51.6,34.5,34.6,69.9,-17.6,0,0.0,2019
949,Bryant,NEC,30,10,98.5,114.5,0.15,49.0,54.9,18.4,18.6,26.6,30.2,36.8,35.4,49.2,52.8,32.5,38.8,69.3,-16.3,0,0.0,2019
950,Central Connecticut,NEC,29,11,95.1,111.6,0.1373,47.0,53.0,19.8,18.1,29.6,29.9,34.1,37.2,45.8,51.5,32.8,36.6,70.5,-15.3,0,0.0,2019
951,LIU Brooklyn,NEC,31,16,97.3,104.9,0.2955,50.7,48.2,20.1,18.5,28.3,29.5,34.4,35.4,50.3,47.7,34.1,32.8,72.3,-13.0,0,0.0,2019
952,Mount St. Mary's,NEC,29,9,94.6,108.8,0.1679,47.9,52.1,19.0,17.8,25.1,31.5,33.9,34.8,48.7,51.1,31.2,35.8,68.7,-16.9,0,0.0,2019
953,Robert Morris,NEC,33,18,95.2,104.5,0.2547,48.8,52.2,21.0,22.2,30.1,27.8,32.2,38.5,47.3,52.2,34.1,34.7,67.6,-11.5,0,0.0,2019
954,Sacred Heart,NEC,31,15,102.3,110.8,0.2865,51.7,51.8,19.9,16.5,31.8,27.0,38.1,31.3,51.1,49.3,35.2,37.3,73.4,-13.2,0,0.0,2019
955,St. Francis NY,NEC,31,17,95.5,104.4,0.2646,48.5,48.9,17.6,19.2,26.9,28.5,28.6,39.3,47.3,49.0,33.5,32.4,69.6,-11.7,0,0.0,2019
956,St. Francis PA,NEC,31,18,104.9,112.3,0.3115,48.8,53.8,17.4,16.9,33.4,28.6,35.0,31.8,46.5,54.9,35.3,34.8,69.6,-9.0,0,0.0,2019
957,Wagner,NEC,28,13,92.8,106.4,0.1715,44.0,51.1,20.8,19.8,33.4,28.9,33.8,46.5,43.1,49.9,30.1,35.2,65.1,-13.5,0,0.0,2019
1002,Austin Peay,OVC,31,22,110.3,105.7,0.6218,52.9,52.5,16.6,20.8,32.3,30.0,34.7,34.2,51.1,53.5,37.5,34.0,70.4,-4.9,0,0.0,2019
1003,Eastern Illinois,OVC,31,14,99.4,110.6,0.2251,49.6,53.6,18.8,18.4,29.2,30.5,28.7,33.1,46.7,50.3,36.2,39.0,68.3,-12.1,0,0.0,2019
1004,Eastern Kentucky,OVC,29,13,98.7,105.1,0.3282,47.8,53.2,18.2,21.5,27.3,31.1,32.6,39.7,47.7,54.4,32.0,34.0,78.6,-11.3,0,0.0,2019
1005,Jacksonville St.,OVC,31,24,103.6,99.5,0.6165,50.5,48.7,18.8,20.4,33.0,25.6,30.2,30.1,52.3,47.7,31.0,33.3,69.1,-3.2,0,0.0,2019
1006,Morehead St.,OVC,31,13,101.1,109.2,0.2913,48.4,52.5,17.2,17.7,27.8,31.6,33.9,28.4,47.1,51.3,33.6,36.4,68.8,-12.6,0,0.0,2019
1007,SIU Edwardsville,OVC,29,10,95.7,112.1,0.1395,46.8,56.6,18.7,18.9,28.5,28.5,34.6,39.3,47.6,56.8,30.3,37.5,70.8,-16.3,0,0.0,2019
1008,Southeast Missouri St.,OVC,29,10,96.5,110.3,0.1771,50.4,52.7,20.2,17.4,25.6,28.3,29.1,33.5,47.4,55.7,36.6,32.3,69.2,-15.4,0,0.0,2019
1009,Tennessee Martin,OVC,29,12,104.6,114.3,0.2649,50.4,57.1,18.8,19.3,31.5,34.7,26.4,27.2,49.9,56.7,34.1,38.5,69.7,-13.3,0,0.0,2019
1010,Tennessee St.,OVC,28,9,97.4,109.0,0.2142,49.1,54.3,22.7,20.3,28.7,28.4,36.2,54.0,49.3,52.6,32.6,38.4,71.0,-14.3,0,0.0,2019
1011,Tennessee Tech,OVC,29,8,88.4,104.0,0.1344,46.1,51.1,22.8,19.2,27.9,32.9,36.3,33.2,43.9,51.1,33.6,34.1,69.7,-16.4,0,0.0,2019
1042,Arizona,P12,32,17,104.0,97.4,0.6807,49.0,50.9,16.7,20.3,28.4,25.9,33.3,35.0,48.1,51.9,33.6,32.9,68.3,-4.2,0,0.0,2019
1043,California,P12,31,8,102.9,106.9,0.3925,48.6,56.9,16.5,20.5,23.3,31.4,34.8,36.1,46.5,56.7,35.0,38.1,68.0,-13.5,0,0.0,2019
1044,Colorado,P12,36,23,105.8,95.7,0.7584,51.0,48.4,19.1,17.4,30.7,23.6,37.2,31.1,52.3,48.8,32.3,31.8,69.5,-3.6,0,0.0,2019
1045,Oregon St.,P12,31,18,110.5,103.7,0.6759,52.2,50.2,18.3,17.6,30.8,29.0,36.8,33.5,54.5,46.7,32.1,37.3,67.2,-3.9,0,0.0,2019
1046,Stanford,P12,31,15,101.4,97.6,0.6083,51.2,47.9,20.8,17.2,29.9,28.3,36.1,32.9,53.2,46.4,31.7,34.5,71.2,-5.8,0,0.0,2019
1047,UCLA,P12,33,17,108.2,101.3,0.6824,52.0,49.6,19.0,15.1,30.8,27.1,38.2,27.6,51.4,47.9,35.5,34.7,74.0,-5.2,0,0.0,2019
1048,USC,P12,33,16,109.0,100.5,0.7164,52.8,49.1,16.5,18.1,27.0,29.9,27.6,30.0,50.3,48.4,38.2,33.4,71.2,-7.1,0,0.0,2019
1049,Utah,P12,31,17,113.9,106.4,0.6862,55.0,52.3,19.2,14.7,31.0,27.1,35.5,32.5,54.6,51.7,37.0,35.6,67.6,-4.2,0,0.0,2019
1050,Washington St.,P12,32,11,105.0,108.8,0.3986,52.8,54.7,19.2,17.1,25.2,29.5,30.3,28.4,51.5,54.9,36.4,36.2,71.8,-12.2,0,0.0,2019
1087,American,Pat,30,15,101.7,103.5,0.4497,53.2,48.2,18.7,17.7,26.1,27.4,35.8,34.8,55.6,50.0,32.5,29.2,67.9,-11.3,0,0.0,2019
1088,Army,Pat,31,13,95.8,102.1,0.3254,49.6,53.3,16.5,18.7,21.6,22.9,24.3,28.4,51.0,53.4,31.8,35.4,71.2,-14.0,0,0.0,2019
1089,Boston University,Pat,32,15,103.4,109.5,0.3415,53.4,54.6,18.8,18.2,28.6,25.1,24.8,32.5,54.5,56.4,34.2,34.7,67.8,-13.1,0,0.0,2019
1090,Bucknell,Pat,33,21,104.0,103.5,0.5136,53.0,49.2,17.3,16.6,25.8,27.6,33.9,32.4,53.3,48.8,35.1,33.3,71.9,-5.5,0,0.0,2019
1091,Holy Cross,Pat,33,16,99.6,106.5,0.316,52.7,53.8,16.1,22.1,20.6,32.9,23.1,26.8,52.5,52.2,35.4,37.3,65.0,-11.3,0,0.0,2019
1092,Lafayette,Pat,29,10,100.5,112.8,0.209,52.6,54.7,18.7,15.3,22.2,26.7,24.5,31.2,49.2,52.9,38.3,38.6,70.2,-15.7,0,0.0,2019
1093,Lehigh,Pat,31,20,107.3,108.2,0.4762,56.4,50.2,18.5,15.6,23.5,27.5,34.9,30.5,51.9,49.9,42.4,33.8,72.9,-5.5,0,0.0,2019
1094,Loyola MD,Pat,32,11,100.5,109.4,0.2757,51.6,55.6,19.5,20.6,27.9,29.6,33.6,32.3,51.8,53.7,34.2,39.2,70.1,-15.1,0,0.0,2019
1095,Navy,Pat,31,12,97.1,105.5,0.2767,46.8,52.1,20.7,16.6,31.8,25.5,30.5,29.7,46.4,53.2,31.7,33.8,68.2,-13.5,0,0.0,2019
1138,Appalachian St.,SB,29,11,105.5,108.0,0.4322,51.4,53.8,17.8,17.4,25.9,29.8,37.0,34.1,51.3,52.8,34.4,37.3,72.8,-13.9,0,0.0,2019
1139,Arkansas St.,SB,30,13,102.4,108.8,0.3315,47.2,51.6,19.4,17.1,33.7,29.8,37.9,43.7,46.5,50.2,32.3,36.0,69.6,-12.6,0,0.0,2019
1140,Coastal Carolina,SB,32,17,106.4,104.2,0.5592,51.8,51.0,19.6,18.0,32.7,28.6,39.4,42.3,49.4,53.1,37.0,32.3,70.9,-9.9,0,0.0,2019
1141,Georgia Southern,SB,31,21,107.3,100.3,0.6826,54.3,51.4,18.6,20.0,27.4,28.7,35.0,31.3,56.8,51.7,32.4,34.0,74.8,-4.9,0,0.0,2019
1142,Little Rock,SB,29,10,98.2,104.2,0.336,54.4,52.3,22.6,19.4,24.3,27.2,42.5,40.3,54.9,51.7,35.6,35.3,71.9,-14.9,0,0.0,2019
1143,Louisiana Lafayette,SB,30,19,106.3,106.5,0.4945,50.9,53.2,17.4,20.0,29.1,31.9,35.1,36.9,50.5,52.3,34.2,36.6,73.4,-6.5,0,0.0,2019
1144,Louisiana Monroe,SB,34,19,111.3,108.6,0.5706,54.0,52.9,16.2,17.4,26.9,29.0,35.8,28.4,49.6,52.7,39.7,35.4,67.6,-7.4,0,0.0,2019
1145,South Alabama,SB,32,17,102.8,106.6,0.3963,52.9,52.1,19.5,19.7,25.5,31.9,35.1,36.6,51.1,51.3,37.0,35.6,67.7,-10.9,0,0.0,2019
1146,Texas St.,SB,32,24,101.0,98.5,0.5698,50.0,48.5,19.6,20.7,33.2,24.7,34.4,39.5,50.8,49.2,32.4,31.6,66.4,-3.3,0,0.0,2019
1147,Troy,SB,28,12,100.8,108.1,0.308,51.0,52.7,19.9,17.1,27.2,31.1,31.7,32.8,51.7,50.1,33.2,37.8,68.5,-11.8,0,0.0,2019
1148,UT Arlington,SB,32,17,100.5,98.9,0.5469,47.0,48.0,20.3,18.1,31.0,28.0,34.5,38.0,47.9,50.0,30.5,29.9,67.9,-7.5,0,0.0,2019
1185,Chattanooga,SC,29,12,101.0,107.5,0.3286,51.5,52.9,19.1,15.4,24.6,28.4,24.2,31.6,49.3,52.0,36.3,36.4,67.9,-12.6,0,0.0,2019
1186,East Tennessee St.,SC,32,24,107.9,102.0,0.6568,54.6,52.6,20.0,20.5,37.0,23.9,30.0,30.5,55.0,48.5,35.9,39.1,68.5,-1.5,0,0.0,2019
1187,Furman,SC,30,25,107.7,96.6,0.7788,55.4,47.9,18.4,20.1,28.7,30.0,24.9,24.2,56.7,48.6,36.0,31.2,68.0,-0.4,0,0.0,2019
1188,Mercer,SC,29,11,101.9,105.3,0.4054,51.0,52.7,19.3,20.1,28.8,32.3,35.7,34.7,51.2,53.4,33.8,34.6,68.3,-12.2,0,0.0,2019
1189,Samford,SC,32,17,105.5,103.2,0.5631,54.1,49.6,19.3,18.1,28.1,31.2,33.9,28.3,53.0,47.3,37.3,35.1,70.6,-8.8,0,0.0,2019
1190,The Citadel,SC,27,12,106.0,114.0,0.3011,52.0,56.6,17.3,16.9,25.1,31.8,25.8,31.7,54.2,57.5,33.5,37.1,75.3,-10.9,0,0.0,2019
1191,UNC Greensboro,SC,34,29,104.4,98.1,0.6724,51.2,51.0,17.1,22.2,31.4,29.7,30.6,32.2,51.4,50.1,33.8,35.0,69.0,1.9,0,0.0,2019
1192,VMI,SC,29,11,101.2,111.9,0.2382,50.1,56.9,16.5,16.9,21.7,27.6,29.2,32.0,47.6,56.8,35.4,38.1,73.1,-13.1,0,0.0,2019
1193,Western Carolina,SC,31,7,99.9,109.6,0.2557,53.6,55.3,25.1,14.7,28.4,25.7,34.8,39.7,52.3,57.8,36.8,34.1,71.1,-16.5,0,0.0,2019
1229,Alabama,SEC,34,18,107.4,95.6,0.7931,50.3,48.9,19.5,16.9,31.5,28.0,38.0,29.6,49.9,48.5,34.0,33.3,70.1,-0.2,0,0.0,2019
1230,Arkansas,SEC,34,18,109.3,96.7,0.8046,51.0,49.4,18.3,22.5,28.3,34.8,38.4,41.7,50.6,48.9,34.5,33.3,71.9,-2.2,0,0.0,2019
1231,Georgia,SEC,32,11,105.0,100.0,0.6344,50.1,48.5,22.5,15.5,32.7,31.0,41.3,29.9,51.1,47.8,32.2,33.2,70.2,-7.4,0,0.0,2019
1232,Missouri,SEC,32,15,107.3,95.0,0.8011,50.5,49.4,21.0,18.1,31.9,25.7,29.8,38.1,47.6,50.6,36.3,31.9,66.1,-3.0,0,0.0,2019
1233,South Carolina,SEC,31,16,107.8,96.3,0.7861,48.3,49.5,19.2,20.3,31.8,31.1,36.2,39.6,44.9,48.2,36.5,34.2,71.8,-2.1,0,0.0,2019
1234,Texas A&M,SEC,32,14,106.4,98.3,0.7129,49.3,49.3,20.0,18.5,32.7,32.5,34.2,27.0,51.0,49.1,30.8,33.1,69.0,-4.4,0,0.0,2019
1235,Vanderbilt,SEC,32,9,100.3,100.1,0.5062,48.6,49.5,20.5,16.4,29.0,29.3,40.6,33.3,50.0,48.0,31.1,34.9,68.9,-9.1,0,0.0,2019
1284,Central Arkansas,Slnd,30,14,98.6,110.7,0.2097,49.1,51.9,19.7,18.0,24.5,30.9,34.2,34.3,46.3,51.2,35.3,35.3,72.0,-13.4,0,0.0,2019
1285,Houston Baptist,Slnd,28,12,102.2,112.1,0.2576,49.6,55.7,19.5,20.2,33.8,29.6,42.4,35.7,49.3,54.3,33.4,39.0,75.1,-13.1,0,0.0,2019
1286,Incarnate Word,Slnd,27,6,97.2,119.2,0.0875,51.9,59.3,24.1,19.7,23.1,32.7,34.8,39.1,51.4,61.2,35.1,37.6,66.4,-20.2,0,0.0,2019
1287,Lamar,Slnd,29,20,103.0,107.0,0.3905,49.3,52.2,20.0,19.8,36.2,27.4,42.3,35.7,48.8,52.3,33.6,34.6,69.7,-9.0,0,0.0,2019
1288,McNeese St.,Slnd,27,9,96.3,113.6,0.1306,49.8,54.2,21.3,17.7,29.7,31.9,38.8,29.3,51.3,53.8,31.0,36.5,67.5,-17.4,0,0.0,2019
1289,New Orleans,Slnd,29,19,96.2,105.2,0.2631,48.0,50.0,21.8,22.5,32.8,34.2,36.0,40.4,47.2,50.5,33.3,32.7,69.7,-8.7,0,0.0,2019
1290,Nicholls St.,Slnd,27,14,98.3,110.3,0.2102,50.1,51.0,17.2,18.1,23.5,33.6,21.9,36.0,45.4,53.5,37.0,30.7,70.2,-12.6,0,0.0,2019
1291,Northwestern St.,Slnd,28,11,89.0,109.4,0.085,44.7,51.2,22.7,19.5,28.9,34.7,33.6,36.5,46.2,48.1,28.0,37.5,69.9,-14.9,0,0.0,2019
1292,Sam Houston St.,Slnd,30,21,105.6,106.4,0.47700000000000004,51.8,51.2,18.3,21.2,29.7,28.6,26.0,43.3,48.6,51.4,37.5,34.0,67.7,-6.7,0,0.0,2019
1293,Southeastern Louisiana,Slnd,31,17,98.9,105.4,0.3256,50.4,50.2,24.1,20.9,32.5,28.2,37.2,39.3,50.4,50.6,33.6,32.9,66.8,-10.8,0,0.0,2019
1294,Stephen F. Austin,Slnd,26,14,94.5,108.8,0.1655,48.4,52.6,20.5,21.5,29.1,32.9,36.2,36.1,47.6,49.9,33.3,37.4,70.0,-11.9,0,0.0,2019
1295,Texas A&M Corpus Chris,Slnd,28,14,93.9,104.1,0.2355,47.9,48.6,22.3,20.1,31.1,27.5,29.8,41.7,47.6,46.1,32.3,34.9,66.3,-13.7,0,0.0,2019
1327,Denver,Sum,29,8,98.3,111.5,0.1916,50.2,56.5,19.7,15.7,26.4,22.9,26.2,28.3,47.8,51.7,36.2,41.8,68.8,-16.1,0,0.0,2019
1328,Fort Wayne,Sum,30,18,106.5,107.1,0.4839,55.8,54.0,16.8,17.1,23.1,28.6,26.9,25.0,55.8,52.0,37.2,38.0,73.1,-9.5,0,0.0,2019
1329,Nebraska Omaha,Sum,31,21,108.4,109.5,0.4722,54.4,55.0,13.5,16.8,24.8,25.6,24.1,27.1,51.8,55.2,39.3,36.5,69.5,-4.6,0,0.0,2019
1330,Oral Roberts,Sum,30,11,103.6,112.6,0.2769,52.2,54.1,20.4,14.5,29.8,27.1,26.1,32.7,50.7,51.3,36.4,39.0,68.6,-14.3,0,0.0,2019
1331,South Dakota,Sum,28,13,100.2,104.9,0.3711,50.1,51.7,16.1,17.4,21.5,25.6,35.9,35.2,49.6,50.7,33.9,35.8,68.3,-11.7,0,0.0,2019
1332,South Dakota St.,Sum,32,24,111.3,104.2,0.6822,58.5,50.2,16.3,15.6,23.9,22.7,31.9,23.7,56.2,48.8,41.2,34.5,72.4,-3.4,0,0.0,2019
1333,Western Illinois,Sum,29,10,96.9,106.8,0.2463,49.8,52.2,16.3,14.5,22.6,25.5,23.2,28.1,45.9,48.4,38.2,38.9,68.7,-16.0,0,0.0,2019
1370,Alabama A&M,SWAC,32,5,87.2,109.3,0.0692,45.8,53.7,22.3,21.0,28.0,32.1,25.1,38.8,45.0,54.1,31.6,35.3,67.1,-22.6,0,0.0,2019
1371,Alabama St.,SWAC,29,12,93.6,111.7,0.1156,46.1,53.0,21.0,21.2,31.6,32.4,37.4,36.9,44.7,53.6,32.1,34.7,68.5,-13.7,0,0.0,2019
1372,Alcorn St.,SWAC,27,10,89.0,112.6,0.0628,45.7,52.7,24.1,18.2,30.1,31.5,30.5,36.5,45.0,55.3,31.3,32.1,67.1,-16.7,0,0.0,2019
1373,Arkansas Pine Bluff,SWAC,31,13,94.1,110.8,0.1324,48.4,51.6,22.1,19.7,29.1,30.7,42.4,45.0,47.0,50.8,34.0,35.5,67.1,-14.0,0,0.0,2019
1374,Grambling St.,SWAC,31,17,94.9,104.0,0.2607,50.0,45.1,22.1,18.0,25.8,29.4,43.0,42.3,45.5,44.7,40.2,30.6,70.7,-11.5,0,0.0,2019
1375,Jackson St.,SWAC,30,13,90.0,104.0,0.1592,44.6,49.2,20.4,20.7,28.7,27.0,34.3,44.0,45.9,46.8,27.9,35.5,67.0,-14.5,0,0.0,2019
1376,Mississippi Valley St.,SWAC,31,6,89.8,113.2,0.0657,41.9,54.1,18.5,17.5,28.4,31.7,33.7,32.0,40.1,51.4,31.0,39.1,70.6,-20.2,0,0.0,2019
1377,Southern,SWAC,31,7,92.8,110.0,0.1242,48.9,54.9,23.2,22.2,30.2,32.9,34.6,50.5,48.8,54.8,32.6,36.7,67.5,-19.1,0,0.0,2019
1378,Texas Southern,SWAC,36,24,102.8,109.0,0.3392,50.8,51.6,19.8,19.9,32.5,31.7,40.8,32.6,52.2,51.1,32.1,35.0,75.8,-6.6,0,0.0,2019
1407,Cal Baptist,WAC,27,16,104.9,107.5,0.4321,51.2,48.8,18.0,15.1,28.8,28.9,32.4,39.6,50.4,46.9,34.8,35.4,69.4,-9.0,0,0.0,2019
1408,Cal St. Bakersfield,WAC,31,18,101.4,107.2,0.3441,46.6,51.3,19.0,20.1,37.9,29.6,29.2,52.5,46.7,49.5,31.0,36.0,66.5,-8.8,0,0.0,2019
1409,Chicago St.,WAC,30,3,88.5,117.3,0.038,44.2,57.8,22.5,16.7,22.1,33.9,33.1,33.9,43.5,57.9,30.7,38.5,71.9,-20.9,0,0.0,2019
1410,Grand Canyon,WAC,33,20,106.3,101.2,0.6365,51.4,49.9,17.3,19.3,29.0,25.7,33.7,29.7,52.5,48.4,33.1,35.2,69.3,-5.6,0,0.0,2019
1411,Seattle,WAC,31,18,100.0,100.6,0.4807,49.1,46.7,17.5,15.8,29.3,26.5,34.3,38.5,46.1,44.9,36.8,33.6,68.7,-8.9,0,0.0,2019
1412,UMKC,WAC,31,11,99.5,106.3,0.3201,49.8,53.6,17.2,20.9,23.5,32.3,32.4,36.7,47.8,53.0,35.2,36.5,68.0,-13.6,0,0.0,2019
1413,UT Rio Grande Valley,WAC,35,20,98.0,100.9,0.4167,46.3,50.4,18.0,24.3,26.5,32.6,42.7,43.5,46.0,50.3,31.3,33.8,71.7,-8.2,0,0.0,2019
1414,Utah Valley,WAC,33,25,107.0,102.6,0.6194,55.6,49.1,20.2,16.5,28.0,26.6,40.3,29.3,54.2,47.3,38.5,34.9,69.9,-2.3,0,0.0,2019
1449,BYU,WCC,32,19,110.0,102.8,0.6868,52.8,50.7,15.3,17.6,23.7,27.0,40.0,35.4,54.7,48.3,33.0,36.6,72.7,-3.1,0,0.0,2019
1450,Loyola Marymount,WCC,32,22,103.1,98.7,0.6228,49.5,49.6,19.3,21.6,29.4,27.2,36.7,36.2,50.3,50.3,31.6,32.4,64.0,-4.0,0,0.0,2019
1451,Pacific,WCC,30,14,98.4,102.6,0.3831,47.7,54.2,19.6,19.2,26.8,23.1,40.5,42.2,44.9,54.1,35.6,36.2,66.5,-9.6,0,0.0,2019
1452,Pepperdine,WCC,33,16,107.0,105.3,0.5462,52.0,53.9,18.0,20.9,24.9,29.5,35.7,35.7,48.4,54.9,37.9,34.8,71.9,-9.7,0,0.0,2019
1453,Portland,WCC,30,7,93.6,108.1,0.1607,47.3,51.8,19.9,16.3,20.3,30.1,39.0,34.6,45.8,49.2,32.9,37.1,68.5,-17.9,0,0.0,2019
1454,San Diego,WCC,35,21,104.4,97.4,0.6893,52.4,49.6,18.8,17.5,24.1,22.0,32.4,37.3,52.4,49.7,34.8,32.9,68.2,-3.7,0,0.0,2019
1455,San Francisco,WCC,30,21,111.1,101.5,0.7383,53.5,48.9,15.1,17.2,28.9,25.0,30.9,30.6,53.8,49.3,35.4,32.0,67.9,-2.7,0,0.0,2019
1456,Santa Clara,WCC,30,16,100.3,102.4,0.4409,51.6,49.1,20.5,16.3,24.1,28.3,33.9,35.2,49.8,49.9,36.2,31.8,67.8,-7.1,0,0.0,2019
1475,UCF,Amer,33,24,112.7,93.3,0.898,52.9,45.4,17.6,18.0,29.5,29.6,45.3,29.2,52.0,44.5,36.5,31.3,66.4,2.0,R32,9.0,2019
1484,Iowa,B10,35,23,116.1,100.6,0.8385,52.7,51.5,17.2,18.4,29.8,29.4,42.3,28.8,51.4,53.5,36.4,32.4,70.9,3.2,R32,10.0,2019
1485,Maryland,B10,34,23,111.6,93.3,0.8875,51.4,45.9,19.4,14.1,34.1,24.8,32.8,26.6,50.8,44.7,34.9,31.9,67.7,4.2,R32,6.0,2019
1486,Minnesota,B10,36,22,110.4,96.3,0.8284,48.2,49.5,17.1,16.9,31.4,28.4,41.6,28.2,48.5,48.7,31.7,34.0,68.8,2.7,R32,10.0,2019
1487,Ohio St.,B10,35,20,107.8,93.8,0.8329,50.3,48.3,18.7,18.2,27.6,25.9,33.7,31.8,49.7,47.9,34.1,32.7,67.2,0.9,R32,11.0,2019
1490,Baylor,B12,34,20,114.6,99.2,0.84,51.2,49.1,19.7,18.6,37.9,29.4,32.3,36.5,51.2,47.5,34.1,34.5,66.6,0.9,R32,9.0,2019
1491,Kansas,B12,36,26,112.9,92.4,0.9092,52.6,47.8,18.8,18.2,30.1,27.9,32.5,27.8,52.6,46.0,35.0,33.6,71.5,8.3,R32,4.0,2019
1492,Oklahoma,B12,34,20,110.5,93.1,0.878,50.4,47.5,17.0,17.3,25.8,27.8,31.3,23.1,49.7,45.8,34.6,33.3,70.3,2.5,R32,9.0,2019
1503,Villanova,BE,36,26,114.6,98.9,0.8448,53.2,50.4,16.9,18.0,30.3,27.7,34.4,28.2,53.7,49.7,35.2,34.3,65.1,3.6,R32,6.0,2019
1504,Liberty,BSth,33,29,109.2,99.6,0.7428,55.9,48.9,17.2,20.5,25.2,26.4,26.7,32.7,56.4,48.3,36.8,33.3,63.5,-0.6,R32,12.0,2019
1506,UC Irvine,BW,36,31,107.2,97.6,0.7458,51.3,44.1,17.5,16.7,33.7,27.0,28.7,33.0,50.1,40.7,35.9,33.9,66.6,0.7,R32,13.0,2019
1513,Buffalo,MAC,35,32,113.6,95.3,0.8819,53.4,47.3,16.0,20.3,31.7,26.9,32.7,31.9,55.7,49.3,33.7,29.3,74.9,5.5,R32,6.0,2019
1519,Murray St.,OVC,31,28,110.4,98.6,0.7852,54.8,46.5,17.2,19.4,32.0,30.7,33.5,27.4,56.2,48.3,34.9,28.9,70.2,1.2,R32,12.0,2019
1523,Washington,P12,36,27,105.6,93.1,0.8097,52.1,47.5,19.8,24.2,29.1,34.9,34.7,34.0,51.9,46.0,35.0,33.4,67.3,3.1,R32,9.0,2019
1526,Wofford,SC,32,30,116.4,97.1,0.8892,57.5,49.9,16.1,19.1,31.8,25.2,27.8,31.8,53.9,50.6,41.4,32.6,67.1,4.0,R32,7.0,2019
1534,Florida,SEC,36,20,110.3,91.6,0.8947,49.8,48.1,17.9,22.4,30.6,32.2,29.9,33.6,49.5,48.5,33.4,31.6,64.3,0.7,R32,10.0,2019
1544,Saint Louis,A10,36,23,101.3,95.7,0.6599,46.7,46.9,19.3,19.4,36.0,25.1,39.4,33.5,47.2,46.7,30.4,31.4,67.7,-3.2,R64,13.0,2019
1545,VCU,A10,33,25,104.6,87.6,0.8838,50.1,43.5,20.0,23.4,31.0,30.6,35.7,36.6,53.1,43.8,30.5,28.5,69.7,1.1,R64,8.0,2019
1553,Louisville,ACC,34,20,112.9,93.1,0.9023,50.9,46.7,17.5,16.1,29.1,25.9,34.9,32.0,50.6,46.0,34.2,32.0,68.6,2.3,R64,7.0,2019
1554,Syracuse,ACC,34,20,110.5,94.2,0.8622,49.6,48.1,18.5,23.1,30.2,33.4,36.8,34.3,49.3,46.9,33.3,32.9,67.3,0.4,R64,8.0,2019
1558,Vermont,AE,33,27,107.0,98.1,0.7324,52.6,48.7,16.8,19.1,27.3,22.2,35.9,27.5,51.6,46.3,35.9,35.1,66.7,-1.0,R64,13.0,2019
1564,Cincinnati,Amer,35,28,112.3,93.8,0.8871,49.0,48.6,16.0,20.9,37.4,29.3,37.6,30.5,47.6,45.1,34.5,35.5,65.0,5.8,R64,7.0,2019
1575,Wisconsin,B10,34,23,108.2,88.6,0.9089,51.1,45.2,14.6,17.2,24.5,26.5,27.3,25.8,49.7,44.1,35.9,31.5,65.0,6.3,R64,5.0,2019
1589,Iowa St.,B12,35,23,118.4,96.6,0.912,54.7,48.4,16.3,18.8,28.3,30.1,30.0,23.6,55.0,47.1,36.2,33.6,69.1,4.3,R64,6.0,2019
1590,Kansas St.,B12,34,25,108.0,87.8,0.9151,49.4,48.2,17.4,22.8,28.3,25.7,30.6,30.7,48.9,49.0,33.4,31.4,64.9,6.5,R64,4.0,2019
1599,Marquette,BE,34,24,111.7,95.9,0.8524,53.5,46.3,19.4,16.6,29.4,26.1,35.1,35.9,50.0,45.1,38.8,32.4,70.5,2.7,R64,5.0,2019
1600,Seton Hall,BE,34,20,107.9,96.9,0.7749,49.9,49.6,17.5,19.8,29.5,29.2,34.5,32.8,50.6,48.7,32.4,34.0,70.4,-0.4,R64,10.0,2019
1605,Montana,BSky,33,26,106.2,103.2,0.5812,56.1,50.1,17.3,19.2,27.4,24.9,31.6,37.3,55.6,49.3,37.8,34.4,68.0,-3.2,R64,15.0,2019
1610,Gardner Webb,BSth,32,23,106.0,106.6,0.4852,54.8,50.5,17.1,18.2,22.4,31.3,38.3,27.6,53.6,50.4,37.7,33.7,68.7,-5.0,R64,16.0,2019
1618,Northeastern,CAA,34,23,109.1,102.5,0.6712,56.5,52.1,16.6,16.7,22.7,24.6,34.3,27.8,55.8,53.0,38.2,33.7,67.5,-2.8,R64,13.0,2019
1619,Old Dominion,CUSA,35,26,99.3,94.6,0.6339,47.2,45.6,17.8,18.5,32.1,24.8,28.9,32.4,44.1,43.5,34.9,32.4,65.9,-1.8,R64,14.0,2019
1624,Northern Kentucky,Horz,33,26,107.8,101.3,0.6719,54.6,49.1,17.8,18.4,30.6,26.0,34.8,35.2,55.0,49.9,36.0,32.0,69.3,-2.2,R64,14.0,2019
1628,Yale,Ivy,29,22,110.5,102.5,0.7034,55.6,47.3,17.8,15.2,26.3,24.6,30.1,31.1,56.0,47.8,36.5,31.0,72.2,-0.9,R64,14.0,2019
1632,Iona,MAAC,33,17,105.2,108.8,0.4044,53.0,52.3,17.3,18.5,25.1,30.7,36.8,28.5,53.2,50.3,35.1,36.6,71.9,-10.4,R64,16.0,2019
1638,Bradley,MVC,34,20,101.1,100.5,0.517,49.7,47.6,18.8,18.4,26.7,26.7,36.3,35.6,46.5,46.5,37.0,32.8,66.5,-7.9,R64,15.0,2019
1643,Nevada,MWC,34,29,112.5,95.9,0.8618,53.7,47.7,14.6,19.2,27.2,24.9,40.8,28.0,54.9,46.3,34.7,33.2,70.8,3.8,R64,7.0,2019
1644,Utah St.,MWC,34,28,111.3,96.8,0.8329,53.9,46.5,18.2,17.3,32.0,22.3,36.7,34.3,54.2,42.2,35.7,35.3,69.6,2.0,R64,8.0,2019
1647,Fairleigh Dickinson,NEC,33,21,104.5,110.3,0.3494,54.2,52.0,19.7,20.2,29.5,33.2,35.7,29.4,51.0,51.3,40.1,35.3,68.0,-9.3,R64,16.0,2019
1652,Belmont,OVC,32,27,114.9,101.0,0.8138,57.6,48.7,15.2,16.0,25.3,25.0,28.5,27.4,59.2,47.2,37.0,34.4,72.5,1.2,R64,11.0,2019
1659,Arizona St.,P12,34,23,108.7,97.6,0.775,50.6,48.5,18.7,19.0,31.7,26.9,43.8,38.6,50.8,47.3,33.6,33.4,71.9,0.1,R64,11.0,2019
1664,Colgate,Pat,34,24,109.1,105.5,0.5961,55.9,50.7,19.3,17.8,30.2,27.1,28.4,28.2,53.5,50.5,39.5,33.9,67.9,-4.4,R64,15.0,2019
1667,Georgia St.,SB,33,24,106.4,101.1,0.6418,53.7,50.3,16.4,21.0,23.0,33.8,35.4,30.9,51.2,51.2,38.1,32.8,71.3,-1.3,R64,14.0,2019
1678,Mississippi,SEC,33,20,113.3,97.9,0.8433,53.1,51.0,18.2,20.6,30.2,29.3,30.9,33.5,52.7,48.2,35.8,37.4,69.7,0.9,R64,8.0,2019
1679,Mississippi St.,SEC,34,23,116.9,96.8,0.898,54.6,50.3,19.2,19.5,34.7,29.6,32.7,32.1,53.4,48.4,37.7,35.7,69.0,4.5,R64,5.0,2019
1682,Abilene Christian,Slnd,30,27,100.9,100.7,0.5064,51.9,49.8,17.3,23.3,27.0,28.5,34.0,38.3,49.5,49.8,37.7,33.3,67.1,-2.6,R64,15.0,2019
1687,North Dakota St.,Sum,33,19,106.6,109.0,0.4369,53.5,53.6,15.7,14.4,20.7,25.9,32.2,26.5,52.1,52.6,36.7,37.0,66.5,-8.6,R64,16.0,2019
1695,New Mexico St.,WAC,33,30,111.8,98.2,0.8155,54.1,48.9,17.8,19.1,37.0,22.5,34.6,32.5,56.7,48.0,34.0,33.5,67.1,1.4,R64,12.0,2019
1696,Saint Mary's,WCC,34,22,113.1,96.3,0.8637,53.8,48.9,16.2,16.3,31.2,23.0,29.1,29.1,52.3,49.2,37.8,32.1,64.1,-0.8,R64,11.0,2019
1699,Temple,Amer,33,23,109.4,97.6,0.7866,49.9,50.6,15.7,20.6,26.9,29.2,32.5,33.9,50.1,51.5,33.0,32.9,70.2,1.8,R68,11.0,2019
1702,St. John's,BE,34,21,107.4,99.5,0.7067,51.9,50.7,14.3,21.2,21.8,29.4,29.5,39.7,50.7,50.3,35.8,34.2,72.3,-1.2,R68,11.0,2019
1706,North Carolina Central,MEAC,31,18,98.0,108.3,0.2414,49.9,49.9,22.7,17.5,34.8,26.9,33.5,31.4,51.3,50.9,31.5,32.0,66.4,-10.9,R68,16.0,2019
1715,Prairie View A&M,SWAC,34,22,101.7,105.7,0.3911,49.0,51.2,17.4,24.7,29.7,34.3,43.1,46.2,49.2,53.7,32.4,31.2,72.2,-7.1,R68,16.0,2019
1723,Florida St.,ACC,37,29,111.7,90.9,0.9146,50.5,47.2,18.9,20.3,32.8,27.0,35.8,35.7,50.9,45.3,33.2,33.5,70.0,7.6,S16,4.0,2019
1724,North Carolina,ACC,36,29,120.1,91.4,0.9582,52.9,48.9,17.2,18.3,35.3,22.8,30.2,28.4,52.1,47.9,36.2,33.5,76.0,10.0,S16,1.0,2019
1725,Virginia Tech,ACC,35,26,117.8,93.4,0.9357,55.6,49.0,17.3,21.6,29.6,27.2,31.9,26.3,52.9,49.0,39.4,32.7,65.1,5.0,S16,4.0,2019
1726,Houston,Amer,37,33,115.7,90.5,0.9439,52.1,42.5,16.5,18.2,34.4,26.0,31.6,37.3,51.3,43.0,35.5,27.9,67.3,7.8,S16,3.0,2019
1734,Michigan,B10,37,30,114.6,85.6,0.9665,51.6,44.1,13.9,18.0,24.7,24.8,27.5,24.1,51.8,44.3,34.2,29.1,65.9,9.2,S16,2.0,2019
1749,Oregon,P12,38,25,108.1,91.7,0.8687,52.0,46.4,17.8,20.9,29.6,28.8,29.4,33.9,51.6,48.8,35.1,29.0,65.4,-1.1,S16,12.0,2019
1753,LSU,SEC,35,28,117.9,96.6,0.9081,51.2,49.9,17.9,20.1,36.7,30.8,37.1,33.1,52.9,49.4,31.9,33.7,71.2,7.3,S16,3.0,2019
1754,Tennessee,SEC,36,31,122.8,95.2,0.9488,55.3,48.1,15.8,18.0,31.6,30.2,33.3,34.9,55.4,44.7,36.7,35.4,68.8,9.9,S16,2.0,2019
